tip well,tip,titrant,3.125,6.25,12.5,25,50,100,Kd,fit SE
D8,Lpd3,EVH1 only,0.24531609599999982,0.35914170999999995,0.4872202919999999,0.6258077419999999,0.7756149719999996,0.9418936260000002,26.228383833020175,5.119547713828306
D10,SHIP2,EVH1 only,0.1065633679999996,0.1698275740000001,0.2495787360000003,0.33814719600000015,0.43453197200000016,0.5314069920000002,26.725967703276066,3.6005596944317837
